<?xml version="1.0"?>
<ROWSET>
  <ROW>
  <EMPLOYEE_ID>102</EMPLOYEE_ID>
  <FIRST_NAME>Lex</FIRST_NAME>
  <LAST_NAME>De Haan</LAST_NAME>
  <EMAIL>LDEHAAN</EMAIL>
  <PHONE_NUMBER>515.123.4569</PHONE_NUMBER>
  <HIRE_DATE>1993-01-13T00:00:00</HIRE_DATE>
  <JOB_ID>AD_VP</JOB_ID>
  <SALARY>17000</SALARY>
  <MANAGER_ID>100</MANAGER_ID>
  <DEPARTMENT_ID>90</DEPARTMENT_ID>
 </ROW>
 <ROW>
  <EMPLOYEE_ID>103</EMPLOYEE_ID>
  <FIRST_NAME>Alexander</FIRST_NAME>
  <LAST_NAME>Hunold</LAST_NAME>
  <EMAIL>AHUNOLD</EMAIL>
  <PHONE_NUMBER>590.423.4567</PHONE_NUMBER>
  <HIRE_DATE>1990-01-03T00:00:00</HIRE_DATE>
  <JOB_ID>IT_PROG</JOB_ID>
  <SALARY>9000</SALARY>
  <MANAGER_ID>102</MANAGER_ID>
  <DEPARTMENT_ID>60</DEPARTMENT_ID>
 </ROW>
 <ROW>
  <EMPLOYEE_ID>205</EMPLOYEE_ID>
  <FIRST_NAME>Shelley</FIRST_NAME>
  <LAST_NAME>Higgins</LAST_NAME>
  <EMAIL>SHIGGINS</EMAIL>
  <PHONE_NUMBER>515.123.8080</PHONE_NUMBER>
  <HIRE_DATE>1994-06-07T00:00:00</HIRE_DATE>
  <JOB_ID>AC_MGR</JOB_ID>
  <SALARY>12000</SALARY>
  <MANAGER_ID>101</MANAGER_ID>
  <DEPARTMENT_ID>110</DEPARTMENT_ID>
 </ROW>
</ROWSET>
