"FIRST_NAME","LAST_NAME","STREET_ADDRESS","CITY","STATE_PROVINCE","POSTAL_CODE"
"Ellen","Abel","Magdalen Centre, The Oxford Science Park","Oxford","Oxford","OX9 9ZB"
"Curtis","Davies","2011 Interiors Blvd","South San Francisco","California","99236"
"Lex","De Haan","2004 Charade Rd","Seattle","Washington","98199"
"Bruce","Ernst","2014 Jabberwocky Rd","Southlake","Texas","26192"
"Pat","Fay","460 Bloor St. W.","Toronto","Ontario","ON M5S 1X8"
"William","Gietz","2004 Charade Rd","Seattle","Washington","98199"
"Michael","Hartstein","460 Bloor St. W.","Toronto","Ontario","ON M5S 1X8"
"Shelley","Higgins","2004 Charade Rd","Seattle","Washington","98199"
"Steven","King","2004 Charade Rd","Seattle","Washington","98199"
"Neena","Kochhar","2004 Charade Rd","Seattle","Washington","98199"
"Diana","Lorentz","2014 Jabberwocky Rd","Southlake","Texas","26192"
"Randall","Matos","2011 Interiors Blvd","South San Francisco","California","99236"
"Kevin","Mourgos","2011 Interiors Blvd","South San Francisco","California","99236"
"Trenna","Rajs","2011 Interiors Blvd","South San Francisco","California","99236"
"Jonathon","Taylor","Magdalen Centre, The Oxford Science Park","Oxford","Oxford","OX9 9ZB"
"Peter","Vargas","2011 Interiors Blvd","South San Francisco","California","99236"
"Jennifer","Whalen","2004 Charade Rd","Seattle","Washington","98199"
"Eleni","Zlotkey","Magdalen Centre, The Oxford Science Park","Oxford","Oxford","OX9 9ZB"
